id,equipment_type,inspection_type,serial_number,expiry_date,status,capacity_ton,leg,location,created_at
60840340-bcfa-4910-9c0a-19b1fd8bf2fe,"Come Along","Visual Inspection",410280053,2026-10-19,"Expiring Soon",3,"",TB-703,"2026-04-18 11:15:20.569001+00"
012c8e25-ff98-4c07-be39-766b8f88be70,"Lifting Belt","Visual Inspection",200003-197,2026-10-19,"Expiring Soon",3,"",TB-703,"2026-04-18 11:15:20.569001+00"
c6c2501c-c63e-416a-8e23-cc399626e5b4,"Lifting Belt","Visual Inspection",LP-48803,2026-10-19,Valid,6,1,TB-703,"2026-04-20 13:55:30.775025+00"
41b44e94-5b5c-4aa7-808d-7002bb9fb0b0,"Lifting Belt","Visual Inspection",LP-200003-64,2026-10-19,Valid,6,1,TB-703,"2026-04-20 13:56:18.636906+00"
fe64833a-a1c7-415d-9a57-281f3d960114,"Lifting Belt","Visual Inspection",LP-48801,2026-05-25,Valid,6T,"",TB-713,"2026-04-21 07:30:32.085817+00"
6f7ee604-64e4-41f6-9b07-3ccb4b01de7d,Sling,"Visual Inspection",MF-105,2026-07-18,Valid,18,4,Yard,"2026-04-18 11:15:20.569001+00"
b4dcb5d2-56e1-47c6-99c0-d93085169c23,Sling,"Visual Inspection",079669-002A,2026-09-14,Valid,9.1,1,Yard,"2026-04-18 11:15:20.569001+00"
43e12cac-52c9-4135-a9da-ff2e754dffd5,Sling,"Visual Inspection",076667-001/A,2026-06-30,Valid,13.6,5,Yard,"2026-04-18 11:15:20.569001+00"
6162386d-fd51-424e-9a05-41f14d234b79,Sling,"Visual Inspection",NPS-3765,2026-06-30,Valid,2,1,Yard,"2026-04-18 11:15:20.569001+00"
267c8c31-9e96-4444-aab6-ae5d25ad46c2,Sling,"Visual Inspection",NPS-3771,2026-06-30,Valid,2,1,Yard,"2026-04-18 11:15:20.569001+00"
424761c7-6fe3-4191-a545-86997d5ef8bc,Sling,"Visual Inspection",AZ-9136,2026-06-30,Valid,2.1,1,Yard,"2026-04-18 11:15:20.569001+00"
cba6da37-9b9d-4fb5-8e2b-883904ff9baa,Sling,"Visual Inspection",NPS-2145,2026-06-30,Valid,2.1,1,Yard,"2026-04-18 11:15:20.569001+00"
2f0d8310-ba3a-4a97-9128-203551540c59,Sling,"Visual Inspection",NPS-3758,2026-09-14,Valid,2,1,Yard,"2026-04-18 11:15:20.569001+00"
60111728-7b76-4d67-8665-587c78d185e3,Sling,"Visual Inspection",NPS-3763,2026-09-14,Valid,2,1,Yard,"2026-04-18 11:15:20.569001+00"
e165942b-9e0d-4f94-a101-374ac6afd93d,Sling,"Visual Inspection",AZ-9137,2026-07-18,Valid,10,1,Yard,"2026-04-18 11:15:20.569001+00"
8e2c8048-8ec6-4725-8c5f-eb70c9dcd2ba,Sling,"Visual Inspection",NPS-4988,2026-07-06,Valid,10,1,Yard,"2026-04-18 11:15:20.569001+00"
6d1923e6-4677-4de5-9161-7bc04b046712,Sling,"Visual Inspection",SA-215,2026-05-01,"Expiring Soon",2.5,1,Yard,"2026-04-18 11:15:20.569001+00"
e646ff42-6bd8-4741-a218-2f704da3b756,Sling,"Visual Inspection",NPS-167,2026-07-18,Valid,8.6,2,Yard,"2026-04-18 11:15:20.569001+00"
d026af81-3e2e-42c8-b80b-92a041cb30d3,Sling,"Visual Inspection",AZ-557,2026-08-03,Valid,13,4,Yard,"2026-04-18 11:15:20.569001+00"
3e3109c0-43bf-492b-988b-7fa19e1443f5,Sling,"Visual Inspection",SA-220,2026-06-30,Valid,10.7,4,Yard,"2026-04-18 11:15:20.569001+00"
bdab783a-8c01-454b-9acb-bece08ad545c,Sling,"Visual Inspection",NPS-3750,2026-05-02,"Expiring Soon",13,4,Yard,"2026-04-18 11:15:20.569001+00"
50ee05d9-3bbd-4e46-b1f0-ff6cf516c416,Sling,"Visual Inspection",076355-003,2026-07-18,Valid,9.5,4,Yard,"2026-04-18 11:15:20.569001+00"
5e8886a3-7238-44ff-9762-8e4e0d8367f3,Sling,"Visual Inspection",SA-213,2026-08-03,Valid,13.85,4,Yard,"2026-04-18 11:15:20.569001+00"
1f72a8b7-491b-46d1-b054-4d91500bcbe8,Sling,"Visual Inspection",079669-002,2026-09-14,Valid,9.1,4,Yard,"2026-04-18 11:15:20.569001+00"
c9b4daec-a3d2-47e1-9fc1-d2e580e55754,Sling,"Visual Inspection",076355-001,2026-07-18,Valid,9.5,4,Yard,"2026-04-18 11:15:20.569001+00"
4cba8ad9-6516-4a9d-ab9f-82f218f45180,Sling,"Visual Inspection",NPS-2586,2026-06-29,Valid,13,4,Yard,"2026-04-18 11:15:20.569001+00"
1403df03-133a-4d7c-9d05-09a0b106da68,Sling,"Visual Inspection",AZ-555,2026-06-29,Valid,4.4,4,Yard,"2026-04-18 11:15:20.569001+00"
5ce48728-fcbf-4d66-a350-373f9c22c03b,Sling,"Visual Inspection",NPS-2425,2026-06-29,Valid,4.5,4,Yard,"2026-04-18 11:15:20.569001+00"
85623f13-636a-4bed-a413-adc2b50c0d8e,Sling,"Visual Inspection",AZ-2171,2026-06-29,Valid,9.6,4,Yard,"2026-04-18 11:15:20.569001+00"
3c8a60f2-3aa8-458e-b9f0-dbcc178ea97a,Sling,"Visual Inspection",AZ-564,2026-06-30,Valid,9.6,4,Yard,"2026-04-18 11:15:20.569001+00"
5b90131c-55a6-405a-9be0-7c642c6b961b,Sling,"Visual Inspection",NPS-2580,2026-08-03,Valid,13,4,Yard,"2026-04-18 11:15:20.569001+00"
0a64492a-f242-423f-99cc-82c404f3e795,Sling,"Visual Inspection",AZ-562,2026-06-29,Valid,9.6,4,Yard,"2026-04-18 11:15:20.569001+00"
a690a949-5b1d-4e04-9aab-610b6bb2079b,Sling,"Visual Inspection",AZ-2164,2026-07-18,Valid,4.4,4,Yard,"2026-04-18 11:15:20.569001+00"
3e97b6cd-18f0-4471-b078-cb819b4ed695,Sling,"Visual Inspection",SA-217,2026-06-30,Valid,4.2,4,Yard,"2026-04-18 11:15:20.569001+00"
42a4eb90-b7c7-41ca-98c8-5f02ede11089,Sling,"Visual Inspection",NPS-4322,2026-06-30,Valid,6.9,4,Yard,"2026-04-18 11:15:20.569001+00"
6f263857-baac-45b3-aebf-20d70fd61534,Sling,"Visual Inspection",NPS-2426,2026-06-30,Valid,4.5,4,Yard,"2026-04-18 11:15:20.569001+00"
92f909e8-0dd4-4c6e-b8e0-08e4af2f917f,Sling,"Visual Inspection",SA-211,2026-08-04,Valid,17.85,4,Yard,"2026-04-18 11:15:20.569001+00"
7ee56692-ac1b-4b2e-b715-06d838703ba9,Sling,"Visual Inspection",LG-301,2026-08-06,Valid,12,2,Yard,"2026-04-18 11:15:20.569001+00"
948f82a8-4536-489f-bb8b-c98504893b67,Sling,"Visual Inspection",NPS-3364,2026-07-18,Valid,18,4,Yard,"2026-04-18 11:15:20.569001+00"
b97d5a63-c03d-4a4e-85e5-a16fa2df4a2c,Sling,"Visual Inspection",AZ-2176,2026-07-18,Valid,18,4,Yard,"2026-04-18 11:15:20.569001+00"
e5a707fa-36c1-470c-a404-731170c1d801,Sling,"Visual Inspection",MF-117,2026-07-18,Valid,18,4,Yard,"2026-04-18 11:15:20.569001+00"
0a971aa4-df11-4057-8458-6b0a29a1449e,Sling,"Visual Inspection",SA-216,2026-05-01,"Expiring Soon",4.2,4,Yard,"2026-04-18 11:15:20.569001+00"
1621cd36-555b-4653-8701-e15c03dc28e7,Sling,"Visual Inspection",AZ-554,2026-06-30,Valid,4.4,4,Yard,"2026-04-18 11:15:20.569001+00"
27cf1466-bcc0-40a9-8e8c-c64087a064fc,Sling,"Visual Inspection",SA-219,2026-06-30,Valid,4.2,4,Yard,"2026-04-18 11:15:20.569001+00"
636b6f66-e1a9-4482-bde3-63f3bb6587d8,Sling,"Visual Inspection",SA-218,2026-06-30,Valid,4.2,4,Yard,"2026-04-18 11:15:20.569001+00"
3ad3ccb4-4546-4f2a-873a-5eee70d3c6e8,Sling,"Visual Inspection",NPS-2585,2026-06-03,Valid,6.9,4,Yard,"2026-04-18 11:15:20.569001+00"
1122ddbf-effb-496f-8060-a1e28aebe486,Sling,"Visual Inspection",NPS-4999,2026-06-30,Valid,9.6,2,Yard,"2026-04-18 11:15:20.569001+00"
ce9e82d1-fca4-4326-a31b-8bbb51e32a10,Sling,"Visual Inspection",NPS-4937,2026-06-30,Valid,4.2,4,Yard,"2026-04-18 11:15:20.569001+00"
44c8cd3e-9a84-4106-8fe5-36326f1d9752,Sling,"Visual Inspection",AZ-2166,2026-05-01,"Expiring Soon",4.4,4,Yard,"2026-04-18 11:15:20.569001+00"
f9b0ea45-ee4b-443e-be00-73d868b0065a,Sling,"Visual Inspection",AZ-2173,2026-06-30,Valid,9.5,4,Yard,"2026-04-18 11:15:20.569001+00"
9e9a0ce8-8602-4c12-b37b-1f56a8010cb5,Sling,"Visual Inspection",AZ-2172,2026-09-14,Valid,9.6,4,Yard,"2026-04-18 11:15:20.569001+00"
2538d011-50ad-4071-be54-63dcb97f13a6,Sling,"Visual Inspection",OG-28,2026-06-30,Valid,10.7,4,Yard,"2026-04-18 11:15:20.569001+00"
012cb106-ede7-4dfb-b95c-bab275033c64,Sling,"Visual Inspection",AZ-2165,2026-06-30,Valid,4.4,4,Yard,"2026-04-18 11:15:20.569001+00"
fd8ad41d-2f44-4185-80f8-53140b605bdf,Sling,"Visual Inspection",1567-01,2026-07-18,Valid,4.4,4,Yard,"2026-04-18 11:15:20.569001+00"
ac99fd2e-fb74-4898-995a-c7433e49da2d,Sling,"Visual Inspection",1568-05,2026-07-18,Valid,6.9,4,Yard,"2026-04-18 11:15:20.569001+00"
95d6a9e7-d5e6-437b-bb31-2fe1e1abb20b,Sling,"Visual Inspection",NPS-1958,2026-08-10,Valid,6.9,4,Yard,"2026-04-18 11:15:20.569001+00"
f4556c38-c4ee-4864-abe8-0a9a91be1b4f,Sling,"Visual Inspection",NPS-2205,2026-09-27,Valid,27.6,4,Yard,"2026-04-18 11:15:20.569001+00"
ade91aed-f09f-411f-8876-ed9e7d1e83af,Sling,"Visual Inspection",NPS-1380,2026-09-27,Valid,18,4,OHS522,"2026-04-18 11:15:20.569001+00"
105af5fa-fe74-4a51-8182-6b0cd67bf312,Sling,"Visual Inspection",NPS-181,2026-06-07,Valid,15,4,OHS348,"2026-04-18 11:15:20.569001+00"
72719f53-2cdc-4b70-819b-f3a4bb599039,Sling,"Visual Inspection",GOHS-64,2026-06-01,Valid,17.85,4,OHS568,"2026-04-18 11:15:20.569001+00"
c77ef16c-8545-4492-893b-985e90e8985d,Sling,"Visual Inspection",MF-172,2026-08-06,Valid,17.85,4,Al2812,"2026-04-18 11:15:20.569001+00"
c57cf609-ccad-4b61-9fe2-97dad2705459,Sling,"Visual Inspection",NPS-3329,2026-08-04,Valid,17.8,4,OHS326,"2026-04-18 11:15:20.569001+00"
adcec5ae-fde6-40e0-b52c-23fab0e3327e,Sling,"Visual Inspection",GOHS-017,2026-07-06,Valid,18,4,OHS675,"2026-04-18 11:15:20.569001+00"
92aea1f4-9bde-4dd5-babf-a0e17d1295ed,Sling,"Visual Inspection",MF-148,2026-08-10,Valid,17.85,4,OHS715,"2026-04-18 11:15:20.569001+00"
1e03abda-4f78-481f-8aee-195058d64357,Sling,"Visual Inspection",NPS-2483,2026-07-18,Valid,13,4,OHS771,"2026-04-18 11:15:20.569001+00"
18d7dab3-84ec-4571-a24e-468bd0932658,Sling,"Visual Inspection",MF-119,2026-07-06,Valid,18,4,OHS360,"2026-04-18 11:15:20.569001+00"
dadf63ca-a4b5-4583-aecd-b29a29207d29,Sling,"Visual Inspection",NPS-1080,2026-08-27,Valid,13,4,OHS603,"2026-04-18 11:15:20.569001+00"
9982dc5f-bcb0-497d-9900-ff5ac15be9bb,Sling,"Visual Inspection",MF-102,2026-08-10,Valid,18,4,OHS716,"2026-04-18 11:15:20.569001+00"
5a2d9c27-5c86-498e-98f4-b9c1461a513d,Sling,"Visual Inspection",NPS-2140,2026-09-27,Valid,13,4,IB-033,"2026-04-18 11:15:20.569001+00"
67d3bad5-29eb-4f28-9a5d-051b8dedc51e,Sling,"Visual Inspection",AZ-560,2026-07-18,Valid,9.6,4,IB-03,"2026-04-18 11:15:20.569001+00"
6f277dd4-8251-4ca0-b04f-b8a05e827509,Sling,"Visual Inspection",NPS-137,2026-08-27,Valid,9.9,4,HB-05,"2026-04-18 11:15:20.569001+00"
e57d9a0e-68cc-4023-b218-5517c86ad0fc,Sling,"Visual Inspection",NPS-2584,2026-05-05,"Expiring Soon",13,4,IB-06,"2026-04-18 11:15:20.569001+00"
b22deee5-45ee-4751-9979-b53f5c4c17db,Sling,"Visual Inspection",NPS-133,2026-07-18,Valid,13,4,IB-04,"2026-04-18 11:15:20.569001+00"
a2419b43-1c20-45c5-b87d-37a134593196,Sling,"Visual Inspection",AZ-2174,2026-08-03,Valid,9.6,4,STMB02,"2026-04-18 11:15:20.569001+00"
1247bef6-6360-4852-84cf-cb7428afd2ec,Sling,"Visual Inspection",NPS-01,2026-09-03,Valid,6.9,4,HR-722,"2026-04-18 11:15:20.569001+00"
271ca10c-44f8-4c65-a21d-0b7a3baef856,Sling,"Visual Inspection",074526-001,2026-08-13,Valid,"13,2",4,IJ-722,"2026-04-18 11:15:20.569001+00"
26b817fe-d641-43b0-9ef5-8c0c6c9b1452,Sling,"Visual Inspection",NPS-3759,2026-09-03,Valid,2,1,GK-722,"2026-04-18 11:15:20.569001+00"
865b67b2-a5e2-468b-848e-9c22dc58328d,Sling,"Visual Inspection",NPS-3766,2026-09-03,Valid,2,1,GK-722,"2026-04-18 11:15:20.569001+00"
39f44dfc-0a05-4d60-92fd-3e7206d614e3,Sling,"Visual Inspection",NPS-3430,2026-05-25,Valid,1.8,2,GK-723,"2026-04-18 11:15:20.569001+00"
0ecf5f5b-4d56-40b4-8b7c-7ccc00271aa2,Sling,"Visual Inspection",AZ-559,2026-06-29,Valid,9.2,4,HB-02,"2026-04-18 11:15:20.569001+00"
537c2f14-ff86-4f37-ad6c-ff41528597dd,Sling,"Visual Inspection",081067-003,2026-08-27,Valid,13,4,PP-722,"2026-04-18 11:15:20.569001+00"
aee969cd-a479-452e-a3c9-c0e97b69cf17,Sling,"Visual Inspection",NPS-2144,2026-08-27,Valid,9.7,4,CP-722,"2026-04-18 11:15:20.569001+00"
40924e8d-1f93-4aed-af13-39b1c07ecf60,Sling,"Visual Inspection",NPS-1975,2026-07-18,Valid,6.9,4,RB-08,"2026-04-18 11:15:20.569001+00"
4004f517-0eab-4011-8bbf-fb2d877d6e9e,Sling,"Visual Inspection",NPS-135,2026-06-30,Valid,6.9,4,RB-02,"2026-04-18 11:15:20.569001+00"
cadc35e8-ccf2-4556-bb34-36a414e77fc8,Sling,"Visual Inspection",AZ-558,2026-06-30,Valid,9.6,4,"PU IB-05","2026-04-18 11:15:20.569001+00"
fe10c647-016e-4fa8-9fab-daee8f6ea4bc,Sling,"Visual Inspection",NPS-1751,2026-08-03,Valid,13,4,TB-713,"2026-04-18 11:15:20.569001+00"
da1159fd-6b22-4cb5-8a61-fa7305f85881,Sling,"Visual Inspection",AZ-2175,2026-06-29,Valid,13,4,TB-720,"2026-04-18 11:15:20.569001+00"
1ebdeee4-1c83-4b23-ba72-e758f7cf99ec,Sling,"Visual Inspection",NPS-163,2026-07-24,Valid,18,4,TB-703,"2026-04-18 11:15:20.569001+00"
a2c77408-1f70-44fa-9110-fdb65befdb14,"Wire Rope Pulling Sling","Visual Inspection",HT-912,2026-07-18,Valid,3.3,1,Yard,"2026-04-18 11:15:20.569001+00"
7a8cc3be-529d-45a2-aa37-1015e7b6f198,"Wire Rope Pulling Sling","Visual Inspection",HT-909,2026-07-18,Valid,3.3,1,Yard,"2026-04-18 11:15:20.569001+00"
618fb242-2a7e-4ba5-9bd4-7ef31cda409e,"Wire Rope Pulling Sling","Visual Inspection",HT-911,2026-07-18,Valid,3.3,1,Yard,"2026-04-18 11:15:20.569001+00"
212d7a13-10f1-4555-89bd-e984bbb2eae8,"Wire Rope Pulling Sling","Visual Inspection",HT-910,2026-07-18,Valid,3.3,1,Yard,"2026-04-18 11:15:20.569001+00"
987dfb05-a552-4bb6-a586-bded19aabc2e,"Wire Rope Pulling Sling","Visual Inspection",NPS-5015,2026-09-27,Valid,3.3,1,Yard,"2026-04-18 11:15:20.569001+00"
d0635e7d-b0a7-46c3-9b7c-3db072641f55,"Wire Rope Pulling Hoist","Visual Inspection",407230268,2026-09-23,Valid,3.2,"",Yard,"2026-04-18 11:15:20.569001+00"
ecdecee1-3f42-441d-88b8-37f418d8f154,"Injector Head",MPI,IJ-722,2026-12-31,Valid,"","",YARD,"2026-04-18 11:15:20.569001+00"
0362874a-87f9-4ebb-9a20-40845e308872,"Wire Rope Pulling Hoist","Visual Inspection",410280080,2026-09-23,Valid,3.2,"",Yard,"2026-04-18 11:15:20.569001+00"
0aaf9094-5941-4c26-aa17-7e15cf97dfef,"Wire Rope Pulling Sling","Visual Inspection",401380147/1,2026-09-23,Valid,3.2,1,Yard,"2026-04-18 11:15:20.569001+00"
3ab343c2-f707-4c43-886f-10837bc77b40,"Wire Rope Pulling Sling","Visual Inspection",NPS-5018,2026-09-23,Valid,3.2,1,Yard,"2026-04-18 11:15:20.569001+00"
028b51f0-0272-4372-82c4-e86fc1d02610,"Wire Rope Pulling Sling","Visual Inspection",401380148/1,2026-09-23,Valid,3.2,1,TB-710,"2026-04-18 11:15:20.569001+00"
c4222cc5-217f-4adf-bba3-70832154316d,"Wire Rope Pulling Sling","Visual Inspection",NPS-5025,2026-09-23,Valid,3.3,1,TB-710,"2026-04-18 11:15:20.569001+00"
553c25f1-636a-4694-b95e-33b761c11529,"Wire Rope Pulling Sling","Visual Inspection",NPS-5016,2026-09-23,Valid,3.3,1,TB-710,"2026-04-18 11:15:20.569001+00"
c2ac49b5-6d8f-4d69-8a29-2d4111edcd24,"Wire Rope Pulling Sling","Visual Inspection",NPS-5017,2026-09-23,Valid,3.3,1,TB-710,"2026-04-18 11:15:20.569001+00"
e11ee014-aa64-4a41-95c8-245d72130943,"Wire Rope Pulling Hoist","Visual Inspection",140280077,2026-09-23,Valid,3.2,"",TB-710,"2026-04-18 11:15:20.569001+00"
1ea94499-8b33-4c93-9fe2-c39b2a208121,"Wire Rope Pulling Hoist","Visual Inspection",410280073,2026-09-23,Valid,3.2,"",TB-710,"2026-04-18 11:15:20.569001+00"
a491b1ce-8771-42ad-b73f-170a9f94c1ab,"Wire Rope Pulling Hoist","Visual Inspection",401380148,2026-09-23,Valid,3.2,"",TB-710,"2026-04-18 11:15:20.569001+00"
3686ce39-e8aa-4bf1-bcd7-33eee915cea0,"Wire Rope Pulling Hoist","Visual Inspection",401380147,2026-09-23,Valid,3.2,"",TB-710,"2026-04-18 11:15:20.569001+00"
aadc5b11-3cbe-46d3-8cd8-764bf11ae2e1,"Wire Rope Pulling Hoist","Visual Inspection",407230265,2026-09-03,Valid,3.2,"",TB-703,"2026-04-18 11:15:20.569001+00"
e8d8ccaa-4a7d-4f05-bcbf-55481cfe8076,"Wire Rope Pulling Hoist","Visual Inspection",407230267,2026-09-03,Valid,3.2,"",TB-703,"2026-04-18 11:15:20.569001+00"
546d2f30-e7aa-410d-b55c-0c813808c68e,"Wire Rope Pulling Sling","Visual Inspection",NPS-5023,2026-09-03,Valid,3.3,1,TB-703,"2026-04-18 11:15:20.569001+00"
ade26dae-16f0-4451-9beb-f89626964149,"Wire Rope Pulling Sling","Visual Inspection",NPS-5019,2029-09-03,Valid,3.3,1,TB-703,"2026-04-18 11:15:20.569001+00"
0591ffe3-1604-4c09-a10f-9f4e0cedf3b2,"Wire Rope Pulling Hoist","Visual Inspection",410280072,2026-09-23,Valid,3.2,"",TB-720,"2026-04-18 11:15:20.569001+00"
0c5cf38b-ba79-4464-80d4-350e99c36f6e,"Wire Rope Pulling Hoist","Visual Inspection",407230270,2026-09-23,Valid,3.2,"",TB-720,"2026-04-18 11:15:20.569001+00"
cc9cca32-40f7-4c1a-a479-caed81480c70,"Wire Rope Pulling Sling","Visual Inspection",NPS-5020,2026-09-23,Valid,3.3,1,TB-720,"2026-04-18 11:15:20.569001+00"
f8115fca-4f99-4943-b13f-cdc787f6f367,"Wire Rope Pulling Sling","Visual Inspection",NPS-5022,2026-09-23,Valid,3.3,1,TB-720,"2026-04-18 11:15:20.569001+00"
daa57f35-bf03-4c1e-9f5b-90f503dcea34,"Wire Rope Pulling Hoist","Visual Inspection",410280074,2026-08-04,Valid,3.2,"",TB-713,"2026-04-18 11:15:20.569001+00"
14cf63e4-720c-4d56-9aca-e7175705da8d,"Wire Rope Pulling Hoist","Visual Inspection",407230266,2026-08-04,Valid,3.2,"",TB-713,"2026-04-18 11:15:20.569001+00"
18d4fb48-182c-4d7c-a902-9325ce518231,"Wire Rope Pulling Sling","Visual Inspection",NPS-5021,2026-08-03,Valid,3.3,1,TB-713,"2026-04-18 11:15:20.569001+00"
aa73f976-2a22-4a8f-a098-88038c0e95ef,"Wire Rope Pulling Sling","Visual Inspection",NPS-5024,2026-08-03,Valid,3.3,1,TB-713,"2026-04-18 11:15:20.569001+00"
1a208b00-6c5c-42da-aa95-dc45f1ca0af8,Chain,"Visual Inspection",NPS-2870,2026-09-27,Valid,3.15,1,Yard,"2026-04-18 11:15:20.569001+00"
c7472e96-3eae-4f83-a81c-f0e73383a33b,Chain,"Visual Inspection",NPS-3941,2026-09-27,Valid,3.15,1,Yard,"2026-04-18 11:15:20.569001+00"
e0de3f25-123c-4322-8ec8-ac1e773d51d3,Chain,"Visual Inspection",2189-05,2026-09-27,Valid,3.15,1,Yard,"2026-04-18 11:15:20.569001+00"
002c743e-21ac-40d6-b7c6-522c803e0e5e,Chain,"Visual Inspection",2189-09,2026-09-27,Valid,3.15,1,Yard,"2026-04-18 11:15:20.569001+00"
39d0eec9-b1fc-40de-8aff-07f746b4f86d,Chain,"Visual Inspection",2189-04,2026-09-27,Valid,3.15,1,Yard,"2026-04-18 11:15:20.569001+00"
4556dd8e-418f-44ab-b682-df14f7eb771c,Chain,"Visual Inspection",NPS-3441,2026-09-27,Valid,3.15,1,Yard,"2026-04-18 11:15:20.569001+00"
2ab60af8-0045-4471-a969-b013059aa3bb,Chain,"Visual Inspection",NPS-3957,2026-09-14,Valid,3.15,1,Yard,"2026-04-18 11:15:20.569001+00"
7a9dfe2c-5b31-4836-bcec-10ff25c3ad6e,Chain,"Visual Inspection",NPS-2433,,Valid,3.15,1,TB-720,"2026-04-18 11:15:20.569001+00"
d43b58c4-1b87-43b1-92a8-4a57fb15ada1,Chain,"Visual Inspection",NPS-3286,2026-09-27,Valid,3.15,1,TB-720,"2026-04-18 11:15:20.569001+00"
9dedc2a3-23fc-4651-8522-5ab3b91a85be,Sling,"Visual Inspection",NPS-2032,2026-08-03,Valid,10,1,TB-713,"2026-04-18 11:15:20.569001+00"
7af04c6a-1e89-4d08-bddd-71b019832693,"Come Along","Visual Inspection",410280034,2026-08-06,Valid,3,"",TB-713,"2026-04-18 11:15:20.569001+00"
521be4da-8c68-4aac-815b-5173c811726e,Boomer,"Visual Inspection",NPS4277,2026-07-24,Valid,"","",TB-713,"2026-04-18 11:15:20.569001+00"
66a1ecbb-85e3-4434-a8e3-14749e0972f7,"Fall Arrestor","Visual Inspection",152276,2026-05-24,Valid,"","",TB-720,"2026-04-18 11:15:20.569001+00"
57c8009e-bac2-445d-ac4d-18681137c5d6,Sling,"Visual Inspection",NPS-3432,2026-09-14,Valid,1.8,2,TB-720,"2026-04-18 11:15:20.569001+00"
62aadf2f-faaa-47bd-ba82-415c357aac54,Sling,"Visual Inspection",AZ-9138,2026-07-18,Valid,10,1,TB-720,"2026-04-18 11:15:20.569001+00"
993b9d61-aa7c-4d21-af99-ba56f24f6146,"Come Along","Visual Inspection",410280054,2026-09-23,Valid,3,"",Yard,"2026-04-18 11:15:20.569001+00"
d5e281ae-30f5-4d96-aa39-ea8874bfec8a,Boomer,"Visual Inspection",YT-164,2026-08-04,Valid,"","",TB-703,"2026-04-18 11:15:20.569001+00"
04869865-3ec0-4a23-a7d7-f240c24d47a7,Sling,"Visual Inspection",NPS-2639,2026-09-03,Valid,10,1,TB-703,"2026-04-18 11:15:20.569001+00"
d5121dcf-41b1-4e7e-9459-990efd965cef,Boomer,"Visual Inspection",NPS-3927,2026-06-29,Valid,"","",Yard,"2026-04-18 11:15:20.569001+00"
baaf2647-0e7b-471a-8d61-bd0fef3510c6,Boomer,"Visual Inspection",YT-142,2026-09-23,Valid,"","",Yard,"2026-04-18 11:15:20.569001+00"
0f5adf9b-a3aa-41ab-a027-f982357cd53c,Boomer,"Visual Inspection",AD-28,2026-07-18,Valid,"","",Yard,"2026-04-18 11:15:20.569001+00"
7aaff079-2320-4d0f-ac23-9f9f49ad16b4,Boomer,"Visual Inspection",B-25-02,2026-09-23,Valid,"","",Yard,"2026-04-18 11:15:20.569001+00"
dab2a9de-c3a5-4e2a-8681-b49099a687a5,"Come Along","Visual Inspection",410280052,2026-09-23,Valid,3,"",TB-710,"2026-04-18 11:15:20.569001+00"
516b7614-71e7-4e94-b4b1-17b5a5535e2d,"Come Along","Visual Inspection",T22121575,2026-05-19,Valid,"",4,Yard,"2026-04-18 11:15:20.569001+00"
50054873-08a6-460a-8080-dc3bbfa38680,"Fall Arrestor","Visual Inspection",7432,2026-06-27,Valid,"","",Yard,"2026-04-18 11:15:20.569001+00"
e686642b-271e-4105-a532-b290c86e18bd,"Fall Arrestor","Visual Inspection",19277,2026-06-27,Valid,"","",Yard,"2026-04-18 11:15:20.569001+00"
a7d70f09-27ed-46b9-af04-da9a7b3e4b22,Sling,"Visual Inspection",NPS-2481,2026-06-28,Valid,13,4,PP-723,"2026-04-18 11:15:20.569001+00"
20dba8a0-45f2-4300-afd3-44f1c046305e,Sling,"Visual Inspection",NPS-2581,2026-08-03,Valid,13,4,CC-723,"2026-04-18 11:15:20.569001+00"
d38b6cd3-0a4d-4786-aebb-dc2f1ae5f5ef,Sling,"Visual Inspection",NPS-3772,2026-09-14,Valid,18,4,IJ-723,"2026-04-18 11:15:20.569001+00"
8ce6b379-8c0f-400b-9230-7ef61ee7d30f,Sling,"Visual Inspection",GOHS-059,2026-05-17,"Expiring Soon",18,4,OHS213,"2026-04-18 11:15:20.569001+00"
b979bb48-e7b2-4e55-b7a7-1ee6d9b5a129,Sling,"Visual Inspection",NPS-3783,2026-09-27,Valid,27.6,4,PU-12,"2026-04-18 11:15:20.569001+00"
73277ec5-5920-42ca-a554-f7cc7af568ff,Boomer,"Visual Inspection",NPS-3918,2026-10-19,"Expiring Soon","","",Yard,"2026-04-18 11:15:20.569001+00"
978f69a9-403d-4d34-b37f-5b9488030858,Boomer,"Visual Inspection",NPS-3933,2026-10-19,"Expiring Soon","","",Yard,"2026-04-18 11:15:20.569001+00"
3f42aa3b-d4ad-408f-ac01-68539667ffe1,Boomer,"Visual Inspection",NPS-4282,2026-10-19,Expired,"","",Yard,"2026-04-18 11:15:20.569001+00"
d941b312-3f9a-444c-8c7f-17253225dbd4,Boomer,"Visual Inspection",YT-03,2026-10-19,Valid,"","",Yard,"2026-04-18 11:15:20.569001+00"
95432ce5-7c22-45b3-adaa-1d96d3c1d3ff,Boomer,"Visual Inspection",2189-06,2026-10-19,"Expiring Soon","","",Yard,"2026-04-18 11:15:20.569001+00"
07dbc468-9f6a-4cff-bfb1-ad3df2a71a02,Boomer,"Visual Inspection",FJ-8075,2026-10-19,"Expiring Soon","","",Yard,"2026-04-18 11:15:20.569001+00"
d11a4a09-cc44-44a1-922a-e053817e39cc,"Come Along","Visual Inspection",2404158,2026-10-19,"Expiring Soon",1.6,"",TB-720,"2026-04-18 11:15:20.569001+00"
16e4d825-ac8a-46be-b339-bfbd9de70b1a,Chain,"Visual Inspection",NPS-2440,2026-10-19,"Expiring Soon",3.15,1,Yard,"2026-04-18 11:15:20.569001+00"
a91512c3-9b52-418e-9c7e-0087ac143d81,Chain,"Visual Inspection",NPS-3456,2026-10-19,"Expiring Soon",3.15,1,TB-713,"2026-04-18 11:15:20.569001+00"
9161cddc-6274-4c9d-b441-1159126efb2b,Chain,"Visual Inspection",NPS-4289,2026-10-19,Valid,5.2,1,Yard,"2026-04-18 11:15:20.569001+00"
612a18dc-537a-4edf-924b-f028c74a8a34,Chain,"Visual Inspection",NPS-4304,2026-10-19,Valid,5.3,1,Yard,"2026-04-18 11:15:20.569001+00"
26b17cdf-ad6f-4ad0-9be7-890de4383fc8,Chain,"Visual Inspection",NPS-4302,2026-10-19,Valid,5.3,1,Yard,"2026-04-18 11:15:20.569001+00"
b27c0eee-ff64-4dc4-bef2-868e3274f0f7,Sling,"Visual Inspection",MF-118,2026-08-06,Valid,18,4,N2-410,"2026-04-18 11:15:20.569001+00"
2ee0073a-9dc7-47e2-bdc5-d970a6ec2bf7,Sling,"Visual Inspection",076667-003A,2026-08-06,Valid,13.6,4,N2-416,"2026-04-18 11:15:20.569001+00"
d6a6cce5-229d-4d1b-ac4e-0b9a79b64978,Sling,"Visual Inspection",SA-212,2026-08-13,Valid,17.85,4,N2-411,"2026-04-18 11:15:20.569001+00"
45ec73f4-6508-48ae-9804-55d00c94179a,Sling,"Visual Inspection",NPS-2003,2026-08-16,Valid,27.6,4,ST-004,"2026-04-18 11:15:20.569001+00"
01ef082a-bc2b-437e-bb69-95586b6d920f,Sling,"Visual Inspection",NPS-9784,2026-08-06,Valid,27.6,4,ST-003,"2026-04-18 11:15:20.569001+00"
3b57f64b-8a76-4711-9b9a-e5e3688d0744,Sling,"Visual Inspection",NPS-4996,2026-07-19,Valid,27.6,4,ST-001,"2026-04-18 11:15:20.569001+00"
d92ff01c-317f-45b3-9e2b-bc52db2e69c1,Sling,"Visual Inspection",NPS-164,2026-09-27,Valid,18,4,ST-35-2002,"2026-04-18 11:15:20.569001+00"
9f8768c4-95d5-4406-bc71-04563c1b04bd,Sling,"Visual Inspection",HBWRS-01,2026-09-27,Valid,24.8,1,"Spreader Bar-07","2026-04-18 11:15:20.569001+00"
62a7f25b-218c-4890-967a-563d22344b96,Sling,"Visual Inspection",7001-1,2026-09-27,Valid,24.8,1,"Spreader Bar-07","2026-04-18 11:15:20.569001+00"
c836bbc8-2956-4dba-9c18-c31b566c9aaa,Sling,"Visual Inspection",B0015,2026-09-27,Valid,24.8,1,"Spreader Bar-07","2026-04-18 11:15:20.569001+00"
6a12f40c-1827-4aa6-a378-3db1635c8114,Sling,"Visual Inspection",301792-80,2026-09-27,Valid,24.8,1,"Spreader Bar-07","2026-04-18 11:15:20.569001+00"
7565465c-2a0b-423f-b5fc-3e4348a0314d,Sling,"Visual Inspection",NPS-2489,2026-07-24,Valid,35,1,"Spreader Bar-12","2026-04-18 11:15:20.569001+00"
8bdde2fa-ac75-4fe3-9899-bf183229e5ba,Sling,"Visual Inspection",NPS-2421,2026-07-24,Valid,35,1,"Spreader Bar-12","2026-04-18 11:15:20.569001+00"
bd0b8373-cefc-4d9a-85a2-afbe19da4b4a,Sling,"Visual Inspection",NPS-2422,2026-07-24,Valid,35,1,"Spreader Bar-12","2026-04-18 11:15:20.569001+00"
ea6b6941-7f06-4eb9-9ad8-2b45d4f23981,Sling,"Visual Inspection",NPS-2492,2026-07-24,Valid,35,1,"Spreader Bar-12","2026-04-18 11:15:20.569001+00"
8d5c13d9-9b1a-47c3-8542-8492efd6d7b6,Sling,"Visual Inspection",NPS-2151,2027-07-24,Valid,35,1,"Spreader Bar-04","2026-04-18 11:15:20.569001+00"
ee962f4c-d122-426a-9be8-1d95afe32dd7,Sling,"Visual Inspection",NPS-2148,2027-07-24,Valid,35,1,"Spreader Bar-04","2026-04-18 11:15:20.569001+00"
6c5f52e6-ea24-4785-b664-c32c570d06ae,Sling,"Visual Inspection",NPS-5239,2027-07-24,Valid,35,1,"Spreader Bar-04","2026-04-18 11:15:20.569001+00"
9c3cf86f-de27-49a8-9a70-ebf5affe0132,Sling,"Visual Inspection",NPS-5240,2027-07-24,Valid,35,1,"Spreader Bar-04","2026-04-18 11:15:20.569001+00"
243654e8-8109-4132-a60a-6d494859b3be,Sling,"Visual Inspection",NPS-5232,2026-08-03,Valid,25,1,SR-190-M112-SL00417388SP,"2026-04-18 11:15:20.569001+00"
cb177bc4-db73-491e-977d-86c90062d87b,Sling,"Visual Inspection",NPS-5231,2026-08-03,Valid,25,1,SR-190-M112-SL00417388SP,"2026-04-18 11:15:20.569001+00"
b95e38e4-55fa-4437-afdb-a1b8428b337f,Sling,"Visual Inspection",DNV-067675-002,2026-08-03,Valid,25,1,SR-190-M112-SL00417388SP,"2026-04-18 11:15:20.569001+00"
7b441cad-f478-4550-91d2-2151e61581d8,Sling,"Visual Inspection",DNV-067675-001,2026-08-03,Valid,25,1,SR-190-M112-SL00417388SP,"2026-04-18 11:15:20.569001+00"
884b1e11-eee3-41cd-ae31-e23f062cceef,Sling,"Visual Inspection",NPS-4998,,Valid,35,1,"Spreader Bar-01","2026-04-18 11:15:20.569001+00"
bb8c8d2f-372f-492e-b4b2-5b932155724d,Sling,"Visual Inspection",NPS-2491,,Valid,35,1,"Spreader Bar-01","2026-04-18 11:15:20.569001+00"
d69e35b5-dc86-4f26-8360-63de8c6319dd,Sling,"Visual Inspection",9001-3,,Valid,"",1,"Spreader Bar-01","2026-04-18 11:15:20.569001+00"
946b53a5-5ba4-468f-9f5e-ee1827c50b60,Sling,"Visual Inspection",9001-2,,Valid,"",1,"Spreader Bar-01","2026-04-18 11:15:20.569001+00"
ee805c3a-3522-4cce-8afd-7e15aa59da32,Sling,"Visual Inspection",NPS-2149,,Valid,"",1,"Spreader Bar-11","2026-04-18 11:15:20.569001+00"
66a257cd-77b1-4729-9cae-19f47e242bbc,Sling,"Visual Inspection",KD2511255,,Valid,"",1,"Spreader Bar-11","2026-04-18 11:15:20.569001+00"
a4c0f12c-4ac2-48db-81d5-9f5c47f225db,Sling,"Visual Inspection",NPS-2150,,Valid,"",1,"Spreader Bar-11","2026-04-18 11:15:20.569001+00"
493bbe44-6f59-4f34-9b84-c3897a020f38,Sling,"Visual Inspection",NPS-2493,,Valid,"",1,"Spreader Bar-11","2026-04-18 11:15:20.569001+00"
1285b939-499e-4146-80d3-8849f71b7a43,Sling,"Visual Inspection",NPS-2549,2026-08-27,Valid,27.6,4,BM-15-074,"2026-04-18 11:15:20.569001+00"
04c7cd07-ec91-41fa-8f96-c2deaa223fcf,Sling,"Visual Inspection",MF-116,2026-07-18,Valid,18,4,N2-402,"2026-04-18 11:15:20.569001+00"
e747330c-fd9d-482c-8fc9-92c61324772b,Sling,"Visual Inspection",157320,2026-07-06,Valid,15,4,OHS-567,"2026-04-18 11:15:20.569001+00"
a01a4feb-6300-4777-96d8-487594e9f02f,Chain,"Visual Inspection",2189-08,2026-09-27,Valid,3.15,1,TB-710,"2026-04-18 11:15:20.569001+00"
68dc9817-8ecb-4c46-aabf-2ebe74f0fc1f,Sling,"Visual Inspection",NPS-2479,2026-08-07,Valid,13,4,"Spooling area","2026-04-18 11:15:20.569001+00"
0a686916-3b36-469f-936a-7e24294616c4,Sling,"Visual Inspection",GOHS-29,2026-07-10,Valid,18,4,OHS-537,"2026-04-18 11:15:20.569001+00"
11a62b3c-1016-4218-a6fd-f5c4f48c3373,"Wire Rope Pulling Sling","Visual Inspection",NPS-5014,2026-09-27,Valid,3.3,1,"","2026-04-18 11:15:20.569001+00"
37141444-60d4-4305-904f-d2cd74232f32,"Lifting Belt","Visual Inspection",TJ92003758,2026-09-30,Valid,2,"",Yard,"2026-04-18 11:15:20.569001+00"
d3cca28b-301b-40ce-b9e1-a38106bad0f5,"Lifting Belt","Visual Inspection",TJ96003534,2026-09-30,Valid,2,"",Yard,"2026-04-18 11:15:20.569001+00"
0b8f37ba-f278-4db3-82bd-744830f2146c,"Lifting Belt","Visual Inspection",LB54235,2026-09-30,Valid,3,"",Yard,"2026-04-18 11:15:20.569001+00"
c86115b9-85a4-4ac3-b824-8f748688a845,"Lifting Belt","Visual Inspection",TJ59007708,2026-09-30,Valid,3,"",Yard,"2026-04-18 11:15:20.569001+00"
e5f1266e-ac58-4306-aeaa-f630b8b21e18,"Lifting Belt","Visual Inspection",TJ172867,2026-09-30,Valid,6,"",Yard,"2026-04-18 11:15:20.569001+00"
270db0ad-e3ea-4ad5-8631-00db7a38c797,"Lifting Belt","Visual Inspection",UT4309,2026-09-30,Valid,6,"",Yard,"2026-04-18 11:15:20.569001+00"
da8cea7b-9615-4aba-80f8-cb77b29000ef,"Lifting Belt","Visual Inspection",2145-02,2026-09-30,Valid,6,"",Yard,"2026-04-18 11:15:20.569001+00"
27fefc42-26e1-41fc-9a87-e0eb79abd2e2,"Lifting Belt","Visual Inspection",2145-05,2026-09-30,Valid,6,"",Yard,"2026-04-18 11:15:20.569001+00"
f11f5ea7-ad7f-4572-b38e-f7181062f88e,"Lifting Belt","Visual Inspection",U39535,2026-09-30,Valid,6,"",Yard,"2026-04-18 11:15:20.569001+00"
5034781a-0cab-4df3-aac5-c9fc1671ebde,"Lifting Belt","Visual Inspection",TJ172911,2026-09-30,Valid,6,"",Yard,"2026-04-18 11:15:20.569001+00"
c15dbea7-0a4c-410d-a78a-51fedf5f1989,"Lifting Belt","Visual Inspection",TJ172904,2026-09-30,Valid,6,"",Yard,"2026-04-18 11:15:20.569001+00"
f31bfd1a-195f-4462-906e-f4d4061eb462,"Lifting Belt","Visual Inspection",TJ172897,2026-09-30,Valid,6,"",Yard,"2026-04-18 11:15:20.569001+00"
1b098513-716d-431b-8688-c2df9ac84e67,"Lifting Belt","Visual Inspection",TJ172905,2026-09-30,Valid,6,"",Yard,"2026-04-18 11:15:20.569001+00"
decad841-ae65-4d91-9d0f-c93435d1d8b1,"Lifting Belt","Visual Inspection",2509371,2026-09-30,Valid,3,"",Yard,"2026-04-18 11:15:20.569001+00"
ae3aee2a-2ef6-4915-9518-9752a05784ff,"Lifting Belt","Visual Inspection",2509274,2026-09-30,Valid,3,"",Yard,"2026-04-18 11:15:20.569001+00"
4bdbd605-459f-40a2-a16f-a93751b356b5,"Lifting Belt","Visual Inspection",U39536,2026-09-30,Valid,6,"",TB-710,"2026-04-18 11:15:20.569001+00"
e6511651-315a-47f7-89c1-a508b60798e0,"Lifting Belt","Visual Inspection",48801,2026-05-24,Valid,6,"",TB-713,"2026-04-18 11:15:20.569001+00"
2335b2c0-fa48-427e-ab44-fd4cf3d82eaa,"Lifting Belt","Visual Inspection",2475-15,2026-07-24,Valid,6,"",TB-720,"2026-04-18 11:15:20.569001+00"
ffdb0b8d-bb39-414c-85fb-fcbc3a2a98dd,Sling,"Visual Inspection",AZ-556,2026-07-24,Valid,6,"",TB-720,"2026-04-18 11:15:20.569001+00"
adcad2e1-96a8-449c-8942-6d89773b1278,Sling,"Visual Inspection",MF-132,2026-03-28,Expired,18,4,OHS-272,"2026-04-18 11:15:20.569001+00"
e7db1726-b0bf-4f56-901f-ad08b94e3cb1,Sling,"Visual Inspection",NPS-5263,2026-10-15,Valid,18,4,INJ-719/726,"2026-04-18 11:15:20.569001+00"
edab5ff9-0988-4b79-b053-dc3f69159527,"Control Cabin",MPI,CC-726,2026-07-11,Valid,"","",YARD,"2026-04-18 11:15:20.569001+00"
97c8b920-ffec-4819-ae6b-ba7d00012a12,"Control Cabin",MPI,CC-722,2026-09-03,Valid,"","",YARD,"2026-04-18 11:15:20.569001+00"
129f52dc-4ec6-4971-9d23-720c3b4ca7ca,"Control Cabin",MPI,CC-724,2026-08-26,Valid,"","",YARD,"2026-04-18 11:15:20.569001+00"
72ff3e77-69af-4bde-b8a5-34ae9ab6eed6,"Power Pack",MPI,PP-723,2026-08-31,Valid,"","",YARD,"2026-04-18 11:15:20.569001+00"
eedd3fd7-a2af-458a-8c0b-e5e6c22b0713,"Power Pack",MPI,PP-722,2026-09-13,Valid,"","",YARD,"2026-04-18 11:15:20.569001+00"
f54a64e2-9e1f-4742-a250-c032f5929326,"Power Pack",MPI,PP-724,2026-08-26,Valid,"","",YARD,"2026-04-18 11:15:20.569001+00"
88607208-ca67-41b7-b47e-11b2daccf1c4,"Lifting Belt","Visual Inspection",20003-64,2026-10-19,"Expiring Soon",3,"",TB-713,"2026-04-18 11:15:20.569001+00"
8ca473e4-3601-4d2b-8695-068dbbbf48d7,"Lifting Belt","Visual Inspection",LB48803,2026-10-19,"Expiring Soon",6,"",TB-703,"2026-04-18 11:15:20.569001+00"
2f38ed4d-a583-414b-96ce-14041b804ae8,"Lifting Belt","Visual Inspection",2508629,2026-09-30,Valid,3,"",TB-713,"2026-04-18 11:15:20.569001+00"
785f5c49-f787-4594-af2b-a5f35093a1c5,"Injector Head",MPI,IJ-723,2026-10-22,Valid,"","",YARD,"2026-04-18 11:15:20.569001+00"
c8b32eaa-1363-46be-a822-ad7344d7e1cf,"Injector Head",MPI,IJ-726,2026-09-03,Valid,"","",YARD,"2026-04-18 11:15:20.569001+00"
4a3ed922-cb58-4095-9149-6e2a73bf54f3,Gooseneck,MPI,GK-722,2027-03-14,Valid,"","",YARD,"2026-04-18 11:15:20.569001+00"
0bfb8dfb-035b-485e-a1e0-faa01899da05,Gooseneck,MPI,GK-723,2026-10-14,Valid,"","",YARD,"2026-04-18 11:15:20.569001+00"
c7b7a30e-230a-4651-863d-cffb51d47e6d,Gooseneck,MPI,GK-009,2027-03-30,Valid,"","",YARD,"2026-04-18 11:15:20.569001+00"
c0f32d74-7eeb-4494-a15d-9b0fc4773a93,"Work Reel",MPI,WR-03,2026-07-11,Valid,"","",YARD,"2026-04-18 11:15:20.569001+00"
db30c21e-26fa-44c6-9265-7f49236de24d,"Work Reel",MPI,WR-05,2026-09-02,Valid,"","",YARD,"2026-04-18 11:15:20.569001+00"
b0eb7fdd-0113-44a8-b820-111fc0150d9f,"Work Reel",MPI,WR-09,2026-09-02,Valid,"","",YARD,"2026-04-18 11:15:20.569001+00"
37a7c278-e639-4f45-93d5-75f0d65a00c7,"Work Reel",MPI,WR-12,2027-02-15,Valid,"","",YARD,"2026-04-18 11:15:20.569001+00"
d73437f8-a0ae-44b8-a51f-687d17c14283,"Work Reel",MPI,WR-32,2026-08-18,Valid,"","",YARD,"2026-04-18 11:15:20.569001+00"
df9c288c-1809-408e-b7d7-96ab3b2bbf68,"Work Reel",MPI,WR-34,2027-04-05,Valid,"","",YARD,"2026-04-18 11:15:20.569001+00"
e2dc4555-271b-40cc-aaeb-b1e49fddf888,"Work Reel",MPI,WR-35,2026-09-02,Valid,"","",YARD,"2026-04-18 11:15:20.569001+00"
2c2df7e6-67c1-4aaa-96ff-95b362ccd46e,"Work Reel",MPI,WR-47,2027-02-10,Valid,"","",YARD,"2026-04-18 11:15:20.569001+00"
d7ba042d-cb6f-4086-a373-7301a7839bfc,"Work Reel",MPI,WR-50,2026-09-03,Valid,"","",YARD,"2026-04-18 11:15:20.569001+00"
4862fd89-a6f4-4de8-8807-eea028000fe5,"Work Reel",MPI,WR-51,2026-11-08,Valid,"","",YARD,"2026-04-18 11:15:20.569001+00"
21826edc-fd25-4747-b5a7-f38e0f8b556b,"Work Reel",MPI,WR-52,2026-09-02,Valid,"","",YARD,"2026-04-18 11:15:20.569001+00"
03885274-4ed4-4a3f-8814-9b7378fb3fff,"Fluid Pump Skid",MPI,PU-12,2027-02-06,Valid,"","",YARD,"2026-04-18 11:15:20.569001+00"
288ba618-8a8e-48b6-b080-5f113137abb3,"Fluid Pump Skid",MPI,PU-26,2026-07-23,Valid,"","",YARD,"2026-04-18 11:15:20.569001+00"
b51073f3-2343-47ba-9a6d-0ce72f6bbde9,"Fluid End Driver Side",MPI,PU-03,2026-10-18,Valid,"","",YARD,"2026-04-18 11:15:20.569001+00"
c7944c91-2cb7-4836-b8c8-c261139b15e2,"Fluid End Passenger Side",MPI,PU-03,2026-10-30,Valid,"","",YARD,"2026-04-18 11:15:20.569001+00"
da2ee777-fefd-42ce-b445-a7f6f4f6163e,"King Pin",MPI,PU-03,2026-09-30,Valid,"","",YARD,"2026-04-18 11:15:20.569001+00"
5807fca1-f108-4e3e-97f7-4330f032f47e,"Fluid End Driver Side",MPI,PU-26,2026-07-22,Valid,"","",YARD,"2026-04-18 11:15:20.569001+00"
75ee4265-944e-48e5-a905-05c8965b5dc7,"Fluid End Passenger Side",MPI,PU-26,2026-07-22,Valid,"","",YARD,"2026-04-18 11:15:20.569001+00"
34707acd-8dc2-4626-87c5-be4303f690b1,"Fluid End Driver Side",MPI,PU-12,2026-09-04,Valid,"","",YARD,"2026-04-18 11:15:20.569001+00"
814a5600-d82a-4edd-9ec0-bfb9adc3d67f,"Nitrogen Pump",MPI,NU-410,2027-02-06,Valid,"","",YARD,"2026-04-18 11:15:20.569001+00"
38d6f8af-2510-48c3-bb4d-b78792136ccd,"Nitrogen Pump",MPI,NU-411,2026-10-22,Valid,"","",YARD,"2026-04-18 11:15:20.569001+00"
eaef6a08-3990-4339-84e9-476afbeb530e,"Nitrogen Pump",MPI,NU-416,2026-09-03,Valid,"","",YARD,"2026-04-18 11:15:20.569001+00"
c199987a-0524-42e8-947b-e6e336c38a06,"Nitrogen Pump",MPI,NU-402,2026-05-28,Valid,"","",LOCATION,"2026-04-18 11:15:20.569001+00"
c9c1050a-d906-443a-828d-0d634fcda179,"Riser basket",MPI,RB-07,2027-04-05,Valid,"","",YARD,"2026-04-18 11:15:20.569001+00"
7233e278-b96f-4e05-b001-82d71d75fd56,"Riser basket",MPI,RR-06,2027-03-30,Valid,"","",YARD,"2026-04-18 11:15:20.569001+00"
070c8de8-ae6c-4e12-a7fb-6f70beada9a9,"Riser basket",MPI,RB-06,2027-02-04,Valid,"","",YARD,"2026-04-18 11:15:20.569001+00"
92164a45-5ada-4b35-9d42-1411ce91894e,"Riser basket",MPI,RB-08,2027-03-03,Valid,"","",YARD,"2026-04-18 11:15:20.569001+00"
4073c00e-98a7-4a7e-89a2-9e17dc1feb65,"Riser basket",MPI,RB-02,2027-04-05,Valid,"","",YARD,"2026-04-18 11:15:20.569001+00"
0a42b3a4-17bd-449a-bc02-a60017103d1a,"Spreader Bar",MPI,SR-08,2026-08-26,Valid,"","",YARD,"2026-04-18 11:15:20.569001+00"
29ed2eea-dbe2-4c8e-b081-120fd771a297,"Spreader Bar",MPI,190-M112-S101018012SB,2026-08-26,Valid,"","",YARD,"2026-04-18 11:15:20.569001+00"
e20b7c95-2ca4-44d4-b2c0-f8be03c92642,"Spreader Bar",MPI,SR-01,2026-09-02,Valid,"","",YARD,"2026-04-18 11:15:20.569001+00"
760476d5-4948-4d58-a67f-301c89324e23,"Spreader Bar",MPI,"190-M122-S100417388 SP",2027-01-24,Valid,"","",YARD,"2026-04-18 11:15:20.569001+00"
ce51815b-232f-40ae-8142-80383a1a26b0,"Spreader Bar",MPI,SR-04,2027-01-24,Valid,"","",YARD,"2026-04-18 11:15:20.569001+00"
9c118a1f-9190-4057-8fdd-8459890fc233,"Spreader Bar",MPI,SR-12,2027-01-04,Valid,"","",YARD,"2026-04-18 11:15:20.569001+00"
ac071960-c3b4-4152-b253-40212a7de78c,"Spreader Bar",MPI,SR-11,2026-06-25,Valid,"","",YARD,"2026-04-18 11:15:20.569001+00"
8b822188-4b22-4ed1-9743-1366844f266c,"Skid Tank",MPI,ST-001,2026-09-20,Valid,"","",YARD,"2026-04-18 11:15:20.569001+00"
cb744cd4-3d1f-4167-b49a-8f8def6a34ea,"Skid Tank",MPI,ST-003,2026-09-02,Valid,"","",YARD,"2026-04-18 11:15:20.569001+00"
6e7ce203-072e-475c-b866-c934e41b174e,"Skid Tank",MPI,ST-004,2026-10-22,Valid,"","",YARD,"2026-04-18 11:15:20.569001+00"
a29cafff-720d-457b-95d3-1af9f59c5d6b,"Frac Tank",MPI,"FT-127 KingPin",2026-09-30,Valid,"","",YARD,"2026-04-18 11:15:20.569001+00"
195f3f2e-e0aa-40b0-b06d-e9d0ffd5b65e,"Frac Tank",MPI,"FT-127 Pad eyes",2026-11-02,Valid,"","","","2026-04-18 11:15:20.569001+00"
e50d870b-86f1-4d9f-b11c-0508a323fe68,"Frac Tank",MPI,"FT132 KingPin",2026-09-30,Valid,"","",YARD,"2026-04-18 11:15:20.569001+00"
f947bfeb-6790-4054-b83c-8122dd8ab080,"Frac Tank",MPI,"FT132 Pad eyes",2026-11-02,Valid,"","","","2026-04-18 11:15:20.569001+00"
61d68ad2-66a2-45c7-a75b-3960c0aa95b5,"Frac Tank",MPI,"FT-135 KingPin",2026-09-30,Valid,"","",YARD,"2026-04-18 11:15:20.569001+00"
df48854e-0abf-4148-a65b-997d64e183f4,"Frac Tank",MPI,"FT-135 Pad eyes",2026-11-02,Valid,"","","","2026-04-18 11:15:20.569001+00"
bac5e4ac-11bc-471d-b716-d3656ee88eeb,"Gin Pole",MPI,GP-IJ-723,2026-10-22,Valid,"","",YARD,"2026-04-18 11:15:20.569001+00"
574e6700-b53c-46d6-898d-8e0aaea5a222,"Gin Pole",MPI,IJ-GP-722,2027-02-03,Valid,"","",YARD,"2026-04-18 11:15:20.569001+00"
435aa73e-b651-42f6-83a5-3407a17fb8f7,"Gin Pole",MPI,IJ-GP-712,2026-09-03,Valid,"","",YARD,"2026-04-18 11:15:20.569001+00"
7179eb35-499a-476e-a7f4-e6443306a69c,Basket,MPI,HB-02,2027-04-05,Valid,"","",YARD,"2026-04-18 11:15:20.569001+00"
d6b0af25-075d-4af4-a180-43876df19216,Basket,MPI,IB-0033,2026-09-02,Valid,"","",YARD,"2026-04-18 11:15:20.569001+00"
a829980e-4301-483c-a830-1c6b35d65fa6,Basket,MPI,HB-03,2027-02-10,Valid,"","",YARD,"2026-04-18 11:15:20.569001+00"
38ecf4a9-5840-439a-997c-ddd22cc1d414,Basket,MPI,HB-05,2026-08-23,Valid,"","",YARD,"2026-04-18 11:15:20.569001+00"
93ecacb6-6481-4357-af1a-4753cd4602ca,Basket,MPI,NPS-STM-BSKT7957-1,2026-09-28,Valid,"","",YARD,"2026-04-18 11:15:20.569001+00"
e18e6bbf-4710-467b-8cd6-3f099a1029ad,"Iron Basket",MPI,IB-15,2027-03-03,Valid,"","",YARD,"2026-04-18 11:15:20.569001+00"
557b8f25-e3d5-4be6-94e4-e29c4c38ea02,"Iron Basket",MPI,IB-07,2026-07-11,Valid,"","",YARD,"2026-04-18 11:15:20.569001+00"
9c123ad9-bf0f-452d-aa5b-d4c6038ce356,"Iron Basket",MPI,PUIB-06,2026-09-02,Valid,"","",YARD,"2026-04-18 11:15:20.569001+00"
da2def24-853a-48ae-901a-957895b899f3,"Iron Basket",MPI,IBPU-004,2026-05-20,Valid,"","",YARD,"2026-04-18 11:15:20.569001+00"
0c391da7-e873-4522-b579-04ac4ffa2266,"Iron Basket",MPI,PU-IB-10,2027-03-30,Valid,"","",YARD,"2026-04-18 11:15:20.569001+00"
40e043a2-9d3a-4520-9d7b-c787d8ec4f6a,"Iron Basket",MPI,STMB-02,2026-06-22,Valid,"","",YARD,"2026-04-18 11:15:20.569001+00"
9b98866c-6e55-423a-bb97-f031cfe96f16,"Iron Basket",MPI,PU-IB-05,2027-04-05,Valid,"","",YARD,"2026-04-18 11:15:20.569001+00"
bde75b87-5e6c-46f5-a460-cdc18b63e314,Basket,MPI,IB-03,2027-02-04,Valid,"","",YARD,"2026-04-18 11:15:20.569001+00"
d89ae433-d188-4ba4-90f1-62e630217125,Basket,MPI,IB-01,2027-02-04,Valid,"","",YARD,"2026-04-18 11:15:20.569001+00"
133f60b1-e5dd-42e0-9d1a-49e776fc736f,Basket,MPI,NPS-CT-IB-0005,2027-03-09,Valid,"","",YARD,"2026-04-18 11:15:20.569001+00"
7b1a18d2-54fd-4ff0-988a-b5be204aad15,"Tool Container",MPI,TB-710,2026-09-20,Valid,"","",YARD,"2026-04-18 11:15:20.569001+00"
7fb7a1de-37dc-43a7-95f1-4c08675ad1ed,"Tool Container",MPI,TB-703,2026-09-03,Valid,"","",YARD,"2026-04-18 11:15:20.569001+00"
ce80c485-f184-441b-86f9-d0c838bf559b,"Tool Container",MPI,TB-720,2027-04-05,Valid,"","",YARD,"2026-04-18 11:15:20.569001+00"
83188d95-5691-4f86-b7d0-394c78ff6737,"Tool Container",MPI,TB-713,2027-02-04,Valid,"","",YARD,"2026-04-18 11:15:20.569001+00"
b2544f04-7f01-4581-9e0f-1a6e7f511207,"DIESEL TANK",MPI,"DT 21",2026-07-04,Valid,"","",YARD,"2026-04-18 11:15:20.569001+00"
67145b36-ddf8-4067-8ea0-5fb389aba0c0,MANIFOLD,MPI,MF-05,2026-08-23,Valid,"","",YARD,"2026-04-18 11:15:20.569001+00"
a5b30ac3-4cfc-4b3e-82ce-5e2f0f297e3c,MANIFOLD,MPI,MF-04,2027-02-10,Valid,"","",YARD,"2026-04-18 11:15:20.569001+00"
778faa03-2f6a-4d84-8e48-0977915b294b,"Cement Block",MPI,CB-50,2027-03-30,Valid,"","",YARD,"2026-04-18 11:15:20.569001+00"
0b1a7f8b-ca83-49e5-9a4c-401802b7ae0e,"Cement Block",MPI,CB-37,2027-03-30,Valid,"","",YARD,"2026-04-18 11:15:20.569001+00"
15b37473-16dc-47cb-9c7d-2d392fc08461,"Cement Block",MPI,CB-004,2027-01-19,Valid,"","",YARD,"2026-04-18 11:15:20.569001+00"
f4f9c75b-3e38-4149-b3c4-6d83594abaa6,"Cement Block",MPI,CB-0023,2027-03-30,Valid,"","",YARD,"2026-04-18 11:15:20.569001+00"
a347f751-cfad-48d6-84e5-421e838198e7,"Cement Block",MPI,CB-019,2027-04-05,Valid,"","",YARD,"2026-04-18 11:15:20.569001+00"
8b344117-db33-4289-84db-cf4e67668f8c,"Hose Reel",MPI,HR-722,2026-06-22,Valid,"","",YARD,"2026-04-18 11:15:20.569001+00"
7e31fdf8-7d78-47b0-8abd-a0c77484f455,Trailer,MPI,TL-410,2026-09-30,Valid,"","",YARD,"2026-04-18 11:15:20.569001+00"
54becdbb-ba75-4183-bc29-511b691ccc67,Trailer,MPI,TL-401,2026-05-20,Valid,"","",YARD,"2026-04-18 11:15:20.569001+00"
8cc83666-5e66-47bf-b736-d617d186e58c,Trailer,MPI,TL-411,2026-09-30,Valid,"","",YARD,"2026-04-18 11:15:20.569001+00"
b77c73e5-673b-4319-82a4-a529a744ba35,"Air Tank",MPI,PP-723,2026-10-22,Valid,"","",YARD,"2026-04-18 11:15:20.569001+00"
e25d483e-96c6-403e-be5f-fed1b7acc741,"Air Tank",MPI,PP-722,2027-01-24,Valid,"","",YARD,"2026-04-18 11:15:20.569001+00"
42907bd7-709c-42ed-9822-27cebbe7eff3,"Air Tank",MPI,PP-724,2027-03-30,Valid,"","",YARD,"2026-04-18 11:15:20.569001+00"
ef7e4a74-9a8e-418d-8e09-29b1931c6c5a,"Air Tank",MPI,PU-12,2026-08-10,Valid,"","",YARD,"2026-04-18 11:15:20.569001+00"
af3d43c2-c490-4970-aecf-bde9fc02a905,"Air Tank",MPI,PU-26,2026-07-23,Valid,"","",YARD,"2026-04-18 11:15:20.569001+00"
62c032c6-f937-40d5-8bd9-e293ddfb2796,"LUBE TANK",MPI,WR-9,2026-09-02,Valid,"","",YARD,"2026-04-18 11:15:20.569001+00"
377707fb-7882-4778-a4a1-3847717b66ce,"Air Tank",MPI,WR-12,2027-02-25,Valid,"","",YARD,"2026-04-18 11:15:20.569001+00"
d5b715eb-b64f-49f7-80f8-41fd0fd2d43b,"Air Tank",MPI,WR-47,2027-02-03,Valid,"","",YARD,"2026-04-18 11:15:20.569001+00"
7e7f5cf6-9f74-485b-aca3-3f221cfff803,"Air Tank",MPI,WR-50,2026-11-01,Valid,"","",YARD,"2026-04-18 11:15:20.569001+00"
d4c40b43-fe16-46b7-8342-c9c3ec4f449d,"LUBE TANK",MPI,WR-50,2026-09-03,Valid,"","",YARD,"2026-04-18 11:15:20.569001+00"
6453172f-bef3-4197-a1e1-1ec1208877f5,"Air Tank",MPI,WR-51,2026-11-01,Valid,"","",YARD,"2026-04-18 11:15:20.569001+00"
bf47dd65-d97b-4995-9ff7-0caf63ca6b7c,"LUBE TANK",MPI,WR-52,2026-09-02,Valid,"","",YARD,"2026-04-18 11:15:20.569001+00"
35e15104-c49f-4ecc-ae57-3aac5e94ec8b,"Air Tank",MPI,NU-411,2026-10-22,Valid,"","",YARD,"2026-04-18 11:15:20.569001+00"
ca256f58-28a0-417c-bb49-78b67557d2ad,"Air Tank",MPI,NU-416,2026-11-01,Valid,"","",YARD,"2026-04-18 11:15:20.569001+00"
91c3c3e1-a892-435f-b52c-b7966ac6ac71,MOTOR,MPI,WR-12,2027-02-25,Valid,"","",YARD,"2026-04-18 11:15:20.569001+00"
c402ef5b-d9d3-422d-a9b0-587e41648c91,SHAFT,MPI,NU-411,2026-10-22,Valid,"","",YARD,"2026-04-18 11:15:20.569001+00"
1d1d6fd9-88b1-4128-9300-64c5a020ad32,SHAFT,MPI,NU-410,2026-05-14,"Expiring Soon","","",YARD,"2026-04-18 11:15:20.569001+00"
77b0e289-c4ea-4c9c-8ff8-89492b2a099c,SHAFT,MPI,PP-723,2026-10-13,Valid,"","",YARD,"2026-04-18 11:15:20.569001+00"
3cb170a9-7dfd-45db-a276-44d09fd52b99,SHAFT,MPI,PP-724,2026-10-29,Valid,"","",YARD,"2026-04-18 11:15:20.569001+00"
50f260ae-5fde-4759-aa48-044ef8d16829,"N2 Tank",MPI,"OHS 360",2027-01-06,Valid,"","",YARD,"2026-04-18 11:15:20.569001+00"
3b7ae283-754d-4698-947a-7063354b90ee,"N2 Tank",MPI,"OHS 522",2026-09-13,Valid,"","",YARD,"2026-04-18 11:15:20.569001+00"
7af05c24-b59d-4a3f-be62-f19a0e87ce0a,"N2 Tank",MPI,OHS-348,2026-08-25,Valid,"","",YARD,"2026-04-18 11:15:20.569001+00"
4e72ee57-90ba-4e35-b6ed-626cda9e2030,"N2 Tank",MPI,OHS-568,2026-12-01,Valid,"","",YARD,"2026-04-18 11:15:20.569001+00"
2112315b-2a0a-41e4-b36b-be1351e044de,"N2 Tank",MPI,AI2812,2026-08-25,Valid,"","",YARD,"2026-04-18 11:15:20.569001+00"
ca45f1e6-6fec-4393-955f-765bb153b9dc,"N2 Tank",MPI,OHS-326,2026-08-25,Valid,"","",YARD,"2026-04-18 11:15:20.569001+00"
550a39ff-21b2-4c3f-b832-3acb9646f9ff,"N2 Tank",MPI,OHS-675,2026-08-25,Valid,"","",YARD,"2026-04-18 11:15:20.569001+00"
aae6be9b-ef72-49dc-a6f3-36d0631b90b3,"N2 Tank",MPI,OHS-715,2026-09-10,Valid,"","",YARD,"2026-04-18 11:15:20.569001+00"
db2a9f11-0962-440e-a360-9309740189b9,"N2 Tank",MPI,OHS-771,2026-08-25,Valid,"","",YARD,"2026-04-18 11:15:20.569001+00"
612f3639-b690-4bef-80ba-6a0518bd5187,"N2 Tank",MPI,OHS-567,2026-08-25,Valid,"","",YARD,"2026-04-18 11:15:20.569001+00"
84a6a258-7f4d-4c12-8e57-100ae3c28e55,"N2 Tank",MPI,OHS-716,2026-08-25,Valid,"","",YARD,"2026-04-18 11:15:20.569001+00"
1fd470d5-6115-4f84-8fda-6dab3e77e4a9,"N2 Tank",MPI,OHS-603,2026-08-23,Valid,"","",YARD,"2026-04-18 11:15:20.569001+00"
7625aef0-274d-49b2-989f-eaad196bf183,"N2 Tank",MPI,OHS-537,,Expired,"","",YARD,"2026-04-18 11:15:20.569001+00"
5189bb4f-b905-487e-943c-af6be8a20d0c,"N2 Tank",MPI,OHS-213,2027-02-04,Valid,"","",YARD,"2026-04-18 11:15:20.569001+00"
b259f801-06b6-4cfc-b0fe-b2072eeede81,"Batch Mixer",MPI,BM-15-074,2027-02-25,Valid,"","",YARD,"2026-04-18 11:15:20.569001+00"
087078be-7916-4e50-9ece-4b27fa9eec60,"Air Tank",MPI,BM-15-074,2027-03-30,Valid,"","",YARD,"2026-04-18 11:15:20.569001+00"
2a5fea86-2912-4549-a32b-4a212e1b3d23,Sling,"Visual Inspection",MF-109,2026-06-08,Valid,18,4,N2-415,"2026-04-18 11:15:20.569001+00"
70a881da-100b-476b-87ba-e023b344b0e1,Sling,"Visual Inspection",NPS-2565,2026-04-17,Expired,18,4,N2-406,"2026-04-18 11:15:20.569001+00"
0d1ac1f3-4d68-44f0-a671-376492c21174,Sling,"Visual Inspection",NPS-1855,2025-06-13,Expired,18,4,OHS-727,"2026-04-18 11:15:20.569001+00"
0f3f6f7c-4d08-46a2-b43a-be60ca90a51b,Sling,"Visual Inspection",NPS-351,2026-02-25,Expired,"",4,"","2026-04-18 11:15:20.569001+00"
c5241714-70c6-4e26-a2cb-ee34fbaa9f62,Sling,"Visual Inspection",NPS-2141,2026-07-24,Valid,"",4,CC-722,"2026-04-18 11:15:20.569001+00"
1fd264d0-5d69-4aab-ad25-8746949681f0,Sling,"Visual Inspection",NPS-3430,2026-05-25,Valid,1.8,2,"","2026-04-18 11:15:20.569001+00"
11fd77dd-329d-4905-99f5-ea9d2bce54fe,Sling,"Visual Inspection",NPS-2741,2026-04-14,Expired,"",4,OHS-936,"2026-04-18 11:15:20.569001+00"
64a96397-c5cc-4c1d-8548-88c22f56f2e9,Sling,"Visual Inspection",GOHS-027,2026-06-08,Valid,18,4,OHS-186,"2026-04-18 11:15:20.569001+00"
9c4e3ded-c83d-4639-9eb7-f542bc524098,Sling,"Visual Inspection",GOHS-61,2026-06-01,Expired,18,4,OHS-510,"2026-04-18 11:15:20.569001+00"
f8ddbd7d-6344-43a3-96bf-5f7dad6113b1,Sling,"Visual Inspection",NPS-186,2026-08-06,Valid,18,4,OHS-218,"2026-04-18 11:15:20.569001+00"
0b40af64-8370-4eef-9668-73693045ff07,Sling,"Visual Inspection",NPS-9138,2026-07-06,Valid,18,4,OHS-568,"2026-04-18 11:15:20.569001+00"
3f0a1be3-6ae0-406a-94f4-2681c5552e9f,Sling,"Visual Inspection",GOHS-044,2026-03-10,Valid,18,4,OHS-602,"2026-04-18 11:15:20.569001+00"
24836af7-52cd-4112-9484-c2c72d2d457b,Sling,"Visual Inspection",MF-163,2026-03-10,Valid,18,4,OHS-672,"2026-04-18 11:15:20.569001+00"
9e5049ae-f4a8-42b2-a4e9-228115cf3f8e,Sling,"Visual Inspection",NPS-3751,2026-03-10,Valid,18,4,OHS-729,"2026-04-18 11:15:20.569001+00"
c3fddf63-6cb2-41f1-a197-adef23f288ce,Sling,"Visual Inspection",AS-73661,2026-03-08,Valid,18,4,OHS-772,"2026-04-18 11:15:20.569001+00"
48b18309-9d6a-4c5c-9f69-d75fb6c73d0f,Sling,"Visual Inspection",NPS-3784,2026-08-06,Valid,26,4,ST-03,"2026-04-18 11:15:20.569001+00"
5aedb610-b53d-4aec-b61d-55babe2cdc41,Sling,"Visual Inspection",AZ-563,2026-08-02,Expired,9,4,TB-716,"2026-04-18 11:15:20.569001+00"
c74d4818-acb5-4dcb-a4ec-6d514f214b13,Sling,"Visual Inspection",AZ-9133,2026-02-28,Expired,2.1,1,"","2026-04-18 11:15:20.569001+00"
b835533e-b1cc-44c4-86e0-86169224c7a8,Trailer,MPI,TL-007,2026-09-30,Valid,"","",CT-724,"2026-04-18 11:15:20.569001+00"
3f3521cf-5baf-4790-a549-1e836116b744,Chain,"Visual Inspection",NPS-3950,2026-10-19,Expired,3.15,1,Yard,"2026-04-18 11:15:20.569001+00"
02dd07e3-95cf-4778-a0bc-596a4add3003,Chain,"Visual Inspection",NPS-3272,2026-10-19,Expired,3.15,1,Yard,"2026-04-18 11:15:20.569001+00"
78920b99-ced6-4c8a-9873-959ace69b85d,Chain,"Visual Inspection",NPS-2821,2026-10-19,Expired,3.15,1,Yard,"2026-04-18 11:15:20.569001+00"